<?xml version="1.0" encoding="UTF-8" ?>
<module>
	<name>wmmodule_homepage</name>
	<displayName><![CDATA[ASD - Homepage Module]]></displayName>
	<version><![CDATA[1.0.0]]></version>
	<description><![CDATA[Proprietary module - All Stars Distribution]]></description>
	<author><![CDATA[Bruno Fernandes - All Stars Distribution]]></author>
	<tab><![CDATA[front_office_features]]></tab>
	<is_configurable>0</is_configurable>
	<need_instance>0</need_instance>
	<limited_countries></limited_countries>
</module>